{
    "fx": 752.2287109325747,
    "fy": 974.3735639177528,
    "cx": 399.7955985289146,
    "cy": 299.4315456696501,
    "k1": -0.17257745317459068,
    "k2": -0.21098105628877684,
    "p1": 0.007690280999575851,
    "p2": 0.017816745508973485,
    "k3": 3.6442322046127808
}